{
    "elements": [
        {
            "name": "Mid",
            "from": [ 4.0, 4.0, 4.0 ], 
            "to": [ 12.0, 12.0, 12.0 ], 
            "faces": {
                "north": { "texture": "#0", "uv": [ 0.0, 0.0, 8.0, 8.0 ] },
                "east": { "texture": "#0", "uv": [ 0.0, 0.0, 8.0, 8.0 ] },
                "south": { "texture": "#0", "uv": [ 0.0, 0.0, 8.0, 8.0 ] },
                "west": { "texture": "#0", "uv": [ 0.0, 0.0, 8.0, 8.0 ] },
                "up": { "texture": "#0", "uv": [ 0.0, 0.0, 8.0, 8.0 ] },
                "down": { "texture": "#0", "uv": [ 0.0, 0.0, 8.0, 8.0 ] }
            }
        },
        {
            "name": "Conn1",
            "from": [ 4.0, 4.0, 0.0 ], 
            "to": [ 12.0, 12.0, 4.0 ], 
            "faces": {
                "north": { "texture": "#0", "uv": [ 0.0, 0.0, 8.0, 8.0 ] },
                "east": { "texture": "#0", "uv": [ 8.0, 8.0, 16.0, 12.0 ], "rotation": 270 },
                "south": { "texture": "#0", "uv": [ 0.0, 8.0, 8.0, 16.0 ] },
                "west": { "texture": "#0", "uv": [ 8.0, 8.0, 16.0, 12.0 ], "rotation": 90 },
                "up": { "texture": "#0", "uv": [ 8.0, 8.0, 16.0, 12.0 ], "rotation": 180 },
                "down": { "texture": "#0", "uv": [ 8.0, 8.0, 16.0, 12.0 ] }
            }
        },
        {
            "name": "Conn2",
            "from": [ 4.0, 4.0, 12.0 ], 
            "to": [ 12.0, 12.0, 16.0 ], 
            "faces": {
                "north": { "texture": "#0", "uv": [ 0.0, 8.0, 8.0, 16.0 ] },
                "east": { "texture": "#0", "uv": [ 8.0, 12.0, 16.0, 16.0 ], "rotation": 90 },
                "south": { "texture": "#0", "uv": [ 0.0, 0.0, 8.0, 8.0 ] },
                "west": { "texture": "#0", "uv": [ 8.0, 12.0, 16.0, 16.0 ], "rotation": 270 },
                "up": { "texture": "#0", "uv": [ 8.0, 12.0, 16.0, 16.0 ] },
                "down": { "texture": "#0", "uv": [ 8.0, 12.0, 16.0, 16.0 ], "rotation": 180 }
            }
        }
    ],
    "display": {
        "thirdperson_righthand": {
            "scale": [ 0.7, 0.7, 0.7 ]
        },
        "thirdperson_lefthand": {
            "scale": [ 0.7, 0.7, 0.7 ]
        },
        "firstperson_righthand": {
            "scale": [ 0.7, 0.7, 0.7 ]
        },
        "firstperson_lefthand": {
            "scale": [ 0.7, 0.7, 0.7 ]
        },
        "ground": {
            "scale": [ 0.7, 0.7, 0.7 ]
        },
        "gui": {
            "rotation": [ 90, -45, 35],
            "scale": [0.8, 0.8, 0.8]
        }
    }
}