{
	"credit": "Made with Blockbench",
	"textures": {
		"0": "block/white_wool",
		"2": "craftory:item/blades",
		"3": "block/anvil",
		"particle": "block/white_wool"
	},
	"elements": [
		{
			"from": [11.25, 3.85, 8.25],
			"to": [32, 3.85, 16],
			"rotation": {"angle": 0, "axis": "y", "origin": [9, 21, 11]},
			"faces": {
				"north": {"uv": [0, 0, 0, 0], "rotation": 90, "texture": "#2"},
				"east": {"uv": [0, 0, 0, 0], "rotation": 180, "texture": "#2"},
				"south": {"uv": [0, 0, 0, 0], "rotation": 270, "texture": "#2"},
				"west": {"uv": [0, 0, 0, 0], "texture": "#2"},
				"up": {"uv": [5.63, 2.5, 0.75, 13.625], "rotation": 270, "texture": "#2"},
				"down": {"uv": [0.75, 2.5, 5.63, 13.75], "rotation": 270, "texture": "#2"}
			}
		},
		{
			"from": [11.25, 3.15, 8.25],
			"to": [32, 3.15, 16],
			"rotation": {"angle": 0, "axis": "y", "origin": [9, 21, 11]},
			"faces": {
				"north": {"uv": [0, 0, 0, 0], "rotation": 90, "texture": "#2"},
				"east": {"uv": [0, 0, 0, 0], "rotation": 180, "texture": "#2"},
				"south": {"uv": [0, 0, 0, 0], "rotation": 270, "texture": "#2"},
				"west": {"uv": [0, 0, 0, 0], "texture": "#2"},
				"up": {"uv": [5.63, 2.5, 0.75, 13.75], "rotation": 270, "texture": "#2"},
				"down": {"uv": [0.75, 2.5, 5.63, 13.75], "rotation": 270, "texture": "#2"}
			}
		},
		{
			"from": [11.25, 3.5, 8.25],
			"to": [17.25, 3.5, 14.25],
			"rotation": {"angle": 0, "axis": "y", "origin": [9, 21, 11]},
			"faces": {
				"up": {"uv": [16, 16, 0, 0], "rotation": 270, "texture": "#0", "tintindex": 0},
				"down": {"uv": [0, 16, 16, 0], "rotation": 270, "texture": "#0", "tintindex": 0}
			}
		},
		{
			"from": [17.25, 3.5, 8.25],
			"to": [23.25, 3.5, 14.25],
			"rotation": {"angle": 0, "axis": "y", "origin": [9, 21, 11]},
			"faces": {
				"up": {"uv": [16, 16, 0, 0], "rotation": 270, "texture": "#0", "tintindex": 0},
				"down": {"uv": [0, 16, 16, 0], "rotation": 270, "texture": "#0", "tintindex": 0}
			}
		},
		{
			"from": [23.25, 3.5, 8.25],
			"to": [29.25, 3.5, 14.25],
			"rotation": {"angle": 0, "axis": "y", "origin": [9, 21, 11]},
			"faces": {
				"up": {"uv": [16, 16, 0, 0], "rotation": 270, "texture": "#0", "tintindex": 0},
				"down": {"uv": [0, 16, 16, 0], "rotation": 270, "texture": "#0", "tintindex": 0}
			}
		},
		{
			"from": [29.25, 3.5, 8.25],
			"to": [31.25, 3.5, 14.25],
			"rotation": {"angle": 0, "axis": "y", "origin": [9, 21, 11]},
			"faces": {
				"up": {"uv": [16, 16, 0, 9], "rotation": 270, "texture": "#0", "tintindex": 0},
				"down": {"uv": [0, 16, 16, 0], "rotation": 270, "texture": "#0", "tintindex": 0}
			}
		},
		{
			"from": [31, 3, 9],
			"to": [32, 4, 16],
			"rotation": {"angle": 0, "axis": "y", "origin": [9, 21, 11]},
			"faces": {
				"north": {"uv": [0, 15.125, 0.75, 14.375], "rotation": 270, "texture": "#2"},
				"east": {"uv": [0.75, 13.75, 5.25, 14.5], "rotation": 180, "texture": "#2"},
				"south": {"uv": [0, 15.125, 0.75, 14.375], "rotation": 90, "texture": "#2"},
				"west": {"uv": [5.25, 13.75, 0.75, 14.5], "rotation": 180, "texture": "#2"},
				"up": {"uv": [5.25, 13.75, 0.75, 14.5], "rotation": 270, "texture": "#2"},
				"down": {"uv": [0.75, 13.75, 5.25, 14.5], "rotation": 270, "texture": "#2"}
			}
		},
		{
			"from": [8, 3, 8],
			"to": [32, 4, 9],
			"rotation": {"angle": 0, "axis": "y", "origin": [9, 21, 11]},
			"faces": {
				"north": {"uv": [0, 14.5, 0.75, 1.5], "rotation": 270, "texture": "#2"},
				"east": {"uv": [0.75, 14.375, 0, 15.125], "texture": "#2"},
				"south": {"uv": [0, 14.5, 0.75, 1.5], "rotation": 90, "texture": "#2"},
				"west": {"uv": [0.75, 14.375, 0, 15.125], "rotation": 180, "texture": "#2"},
				"up": {"uv": [0.75, 1.5, 0, 14.5], "rotation": 270, "texture": "#2"},
				"down": {"uv": [0.75, 1.5, 0, 14.5], "rotation": 270, "texture": "#2"}
			}
		},
		{
			"from": [7, 2.75, 7],
			"to": [10, 4.25, 10],
			"faces": {
				"north": {"uv": [0, 0, 16, 6], "texture": "#3"},
				"east": {"uv": [0, 0, 16, 6], "texture": "#3"},
				"south": {"uv": [0, 0, 16, 6], "texture": "#3"},
				"west": {"uv": [0, 0, 16, 6], "texture": "#3"},
				"up": {"uv": [0, 0, 16, 16], "texture": "#3"},
				"down": {"uv": [0, 0, 16, 16], "texture": "#3"}
			}
		},
		{
			"from": [8, 0, 8],
			"to": [9, 4.75, 9],
			"rotation": {"angle": 0, "axis": "z", "origin": [8.5, 2.25, 8.5]},
			"faces": {
				"north": {"uv": [5.25, 13.75, 0.75, 14.5], "rotation": 270, "texture": "#2"},
				"east": {"uv": [0.75, 13.75, 5.25, 14.5], "rotation": 90, "texture": "#2"},
				"south": {"uv": [0.75, 13.75, 5.25, 14.5], "rotation": 90, "texture": "#2"},
				"west": {"uv": [5.25, 13.75, 0.75, 14.5], "rotation": 270, "texture": "#2"},
				"up": {"uv": [0, 15.125, 0.75, 14.375], "rotation": 180, "texture": "#2"},
				"down": {"uv": [0, 15.125, 0.75, 14.375], "texture": "#2"}
			}
		},
		{
			"from": [1, 3.85, 11.0625],
			"to": [8.75, 3.85, 31.8125],
			"rotation": {"angle": 0, "axis": "y", "origin": [23.21875, 3.5, 11.28125]},
			"faces": {
				"north": {"uv": [0, 0, 0, 0], "texture": "#2"},
				"east": {"uv": [0, 0, 0, 0], "rotation": 90, "texture": "#2"},
				"south": {"uv": [0, 0, 0, 0], "rotation": 180, "texture": "#2"},
				"west": {"uv": [0, 0, 0, 0], "rotation": 270, "texture": "#2"},
				"up": {"uv": [5.63, 2.5, 0.75, 13.625], "texture": "#2"},
				"down": {"uv": [0.75, 2.5, 5.63, 13.75], "rotation": 180, "texture": "#2"}
			}
		},
		{
			"from": [1, 3.15, 11.0625],
			"to": [8.75, 3.15, 31.8125],
			"rotation": {"angle": 0, "axis": "y", "origin": [23.21875, 3.5, 11.28125]},
			"faces": {
				"north": {"uv": [0, 0, 0, 0], "texture": "#2"},
				"east": {"uv": [0, 0, 0, 0], "rotation": 90, "texture": "#2"},
				"south": {"uv": [0, 0, 0, 0], "rotation": 180, "texture": "#2"},
				"west": {"uv": [0, 0, 0, 0], "rotation": 270, "texture": "#2"},
				"up": {"uv": [5.63, 2.5, 0.75, 13.75], "texture": "#2"},
				"down": {"uv": [0.75, 2.5, 5.63, 13.75], "rotation": 180, "texture": "#2"}
			}
		},
		{
			"from": [2.75, 3.5, 11.0625],
			"to": [8.75, 3.5, 17.0625],
			"rotation": {"angle": 0, "axis": "y", "origin": [23.21875, 3.5, 11.28125]},
			"faces": {
				"up": {"uv": [16, 16, 0, 0], "texture": "#0", "tintindex": 0},
				"down": {"uv": [0, 16, 16, 0], "rotation": 180, "texture": "#0", "tintindex": 0}
			}
		},
		{
			"from": [2.75, 3.5, 17.0625],
			"to": [8.75, 3.5, 23.0625],
			"rotation": {"angle": 0, "axis": "y", "origin": [23.21875, 3.5, 11.28125]},
			"faces": {
				"up": {"uv": [16, 16, 0, 0], "texture": "#0", "tintindex": 0},
				"down": {"uv": [0, 16, 16, 0], "rotation": 180, "texture": "#0", "tintindex": 0}
			}
		},
		{
			"from": [2.75, 3.5, 23.0625],
			"to": [8.75, 3.5, 29.0625],
			"rotation": {"angle": 0, "axis": "y", "origin": [23.21875, 3.5, 11.28125]},
			"faces": {
				"up": {"uv": [16, 16, 0, 0], "texture": "#0", "tintindex": 0},
				"down": {"uv": [0, 16, 16, 0], "rotation": 180, "texture": "#0", "tintindex": 0}
			}
		},
		{
			"from": [2.75, 3.5, 29.0625],
			"to": [8.75, 3.5, 31.0625],
			"rotation": {"angle": 0, "axis": "y", "origin": [23.21875, 3.5, 11.28125]},
			"faces": {
				"up": {"uv": [16, 16, 0, 9], "texture": "#0", "tintindex": 0},
				"down": {"uv": [0, 16, 16, 0], "rotation": 180, "texture": "#0", "tintindex": 0}
			}
		},
		{
			"from": [1, 3, 30.8125],
			"to": [8, 4, 31.8125],
			"rotation": {"angle": 0, "axis": "y", "origin": [23.21875, 3.5, 11.28125]},
			"faces": {
				"north": {"uv": [5.25, 13.75, 0.75, 14.5], "rotation": 180, "texture": "#2"},
				"east": {"uv": [0, 15.125, 0.75, 14.375], "rotation": 270, "texture": "#2"},
				"south": {"uv": [0.75, 13.75, 5.25, 14.5], "rotation": 180, "texture": "#2"},
				"west": {"uv": [0, 15.125, 0.75, 14.375], "rotation": 90, "texture": "#2"},
				"up": {"uv": [5.25, 13.75, 0.75, 14.5], "texture": "#2"},
				"down": {"uv": [0.75, 13.75, 5.25, 14.5], "rotation": 180, "texture": "#2"}
			}
		},
		{
			"from": [8, 3, 7.8125],
			"to": [9, 4, 31.8125],
			"rotation": {"angle": 0, "axis": "y", "origin": [23.21875, 3.5, 11.28125]},
			"faces": {
				"north": {"uv": [0.75, 14.375, 0, 15.125], "rotation": 180, "texture": "#2"},
				"east": {"uv": [0, 14.5, 0.75, 1.5], "rotation": 270, "texture": "#2"},
				"south": {"uv": [0.75, 14.375, 0, 15.125], "texture": "#2"},
				"west": {"uv": [0, 14.5, 0.75, 1.5], "rotation": 90, "texture": "#2"},
				"up": {"uv": [0.75, 1.5, 0, 14.5], "texture": "#2"},
				"down": {"uv": [0.75, 1.5, 0, 14.5], "rotation": 180, "texture": "#2"}
			}
		},
		{
			"from": [-16, 3.85, 1.0625],
			"to": [4.75, 3.85, 8.8125],
			"rotation": {"angle": 0, "axis": "y", "origin": [5.71875, 3.5, 23.03125]},
			"faces": {
				"north": {"uv": [0, 0, 0, 0], "rotation": 270, "texture": "#2"},
				"east": {"uv": [0, 0, 0, 0], "texture": "#2"},
				"south": {"uv": [0, 0, 0, 0], "rotation": 90, "texture": "#2"},
				"west": {"uv": [0, 0, 0, 0], "rotation": 180, "texture": "#2"},
				"up": {"uv": [5.63, 2.5, 0.75, 13.625], "rotation": 90, "texture": "#2"},
				"down": {"uv": [0.75, 2.5, 5.63, 13.75], "rotation": 90, "texture": "#2"}
			}
		},
		{
			"from": [-16, 3.15, 1.0625],
			"to": [4.75, 3.15, 8.8125],
			"rotation": {"angle": 0, "axis": "y", "origin": [5.71875, 3.5, 23.03125]},
			"faces": {
				"north": {"uv": [0, 0, 0, 0], "rotation": 270, "texture": "#2"},
				"east": {"uv": [0, 0, 0, 0], "texture": "#2"},
				"south": {"uv": [0, 0, 0, 0], "rotation": 90, "texture": "#2"},
				"west": {"uv": [0, 0, 0, 0], "rotation": 180, "texture": "#2"},
				"up": {"uv": [5.63, 2.5, 0.75, 13.75], "rotation": 90, "texture": "#2"},
				"down": {"uv": [0.75, 2.5, 5.63, 13.75], "rotation": 90, "texture": "#2"}
			}
		},
		{
			"from": [-7, 3.5, 2.8125],
			"to": [-1, 3.5, 8.8125],
			"rotation": {"angle": 0, "axis": "y", "origin": [5.71875, 3.5, 23.03125]},
			"faces": {
				"up": {"uv": [16, 16, 0, 0], "rotation": 90, "texture": "#0", "tintindex": 0},
				"down": {"uv": [0, 16, 16, 0], "rotation": 90, "texture": "#0", "tintindex": 0}
			}
		},
		{
			"from": [-13, 3.5, 2.8125],
			"to": [-7, 3.5, 8.8125],
			"rotation": {"angle": 0, "axis": "y", "origin": [5.71875, 3.5, 23.03125]},
			"faces": {
				"up": {"uv": [16, 16, 0, 0], "rotation": 90, "texture": "#0", "tintindex": 0},
				"down": {"uv": [0, 16, 16, 0], "rotation": 90, "texture": "#0", "tintindex": 0}
			}
		},
		{
			"from": [-1, 3.5, 2.8125],
			"to": [4, 3.5, 8.8125],
			"rotation": {"angle": 0, "axis": "y", "origin": [5.71875, 3.5, 23.03125]},
			"faces": {
				"up": {"uv": [16, 16, 0, 0], "rotation": 90, "texture": "#0", "tintindex": 0},
				"down": {"uv": [0, 16, 16, 0], "rotation": 90, "texture": "#0", "tintindex": 0}
			}
		},
		{
			"from": [-15, 3.5, 2.8125],
			"to": [-13, 3.5, 8.8125],
			"rotation": {"angle": 0, "axis": "y", "origin": [5.71875, 3.5, 23.03125]},
			"faces": {
				"up": {"uv": [16, 16, 0, 9], "rotation": 90, "texture": "#0", "tintindex": 0},
				"down": {"uv": [0, 16, 16, 0], "rotation": 90, "texture": "#0", "tintindex": 0}
			}
		},
		{
			"from": [-16, 3, 1.0625],
			"to": [-15, 4, 8.0625],
			"rotation": {"angle": 0, "axis": "y", "origin": [5.71875, 3.5, 23.03125]},
			"faces": {
				"north": {"uv": [0, 15.125, 0.75, 14.375], "rotation": 90, "texture": "#2"},
				"east": {"uv": [5.25, 13.75, 0.75, 14.5], "rotation": 180, "texture": "#2"},
				"south": {"uv": [0, 15.125, 0.75, 14.375], "rotation": 270, "texture": "#2"},
				"west": {"uv": [0.75, 13.75, 5.25, 14.5], "rotation": 180, "texture": "#2"},
				"up": {"uv": [5.25, 13.75, 0.75, 14.5], "rotation": 90, "texture": "#2"},
				"down": {"uv": [0.75, 13.75, 5.25, 14.5], "rotation": 90, "texture": "#2"}
			}
		},
		{
			"from": [-16, 3, 8.0625],
			"to": [8, 4, 9.0625],
			"rotation": {"angle": 0, "axis": "y", "origin": [5.71875, 3.5, 23.03125]},
			"faces": {
				"north": {"uv": [0, 14.5, 0.75, 1.5], "rotation": 90, "texture": "#2"},
				"east": {"uv": [0.75, 14.375, 0, 15.125], "rotation": 180, "texture": "#2"},
				"south": {"uv": [0, 14.5, 0.75, 1.5], "rotation": 270, "texture": "#2"},
				"west": {"uv": [0.75, 14.375, 0, 15.125], "texture": "#2"},
				"up": {"uv": [0.75, 1.5, 0, 14.5], "rotation": 90, "texture": "#2"},
				"down": {"uv": [0.75, 1.5, 0, 14.5], "rotation": 90, "texture": "#2"}
			}
		},
		{
			"from": [8.1875, 3.85, -16],
			"to": [15.9375, 3.85, 4.75],
			"rotation": {"angle": 0, "axis": "y", "origin": [23.21875, 3.5, 11.28125]},
			"faces": {
				"north": {"uv": [0, 0, 0, 0], "rotation": 180, "texture": "#2"},
				"east": {"uv": [0, 0, 0, 0], "rotation": 270, "texture": "#2"},
				"south": {"uv": [0, 0, 0, 0], "texture": "#2"},
				"west": {"uv": [0, 0, 0, 0], "rotation": 90, "texture": "#2"},
				"up": {"uv": [5.63, 2.5, 0.75, 13.625], "rotation": 180, "texture": "#2"},
				"down": {"uv": [0.75, 2.5, 5.63, 13.75], "texture": "#2"}
			}
		},
		{
			"from": [8.1875, 3.15, -16],
			"to": [15.9375, 3.15, 4.75],
			"rotation": {"angle": 0, "axis": "y", "origin": [23.21875, 3.5, 11.28125]},
			"faces": {
				"north": {"uv": [0, 0, 0, 0], "rotation": 180, "texture": "#2"},
				"east": {"uv": [0, 0, 0, 0], "rotation": 270, "texture": "#2"},
				"south": {"uv": [0, 0, 0, 0], "texture": "#2"},
				"west": {"uv": [0, 0, 0, 0], "rotation": 90, "texture": "#2"},
				"up": {"uv": [5.63, 2.5, 0.75, 13.75], "rotation": 180, "texture": "#2"},
				"down": {"uv": [0.75, 2.5, 5.63, 13.75], "texture": "#2"}
			}
		},
		{
			"from": [8.1875, 3.5, -1.25],
			"to": [14.1875, 3.5, 4.75],
			"rotation": {"angle": 0, "axis": "y", "origin": [23.21875, 3.5, 11.28125]},
			"faces": {
				"up": {"uv": [16, 16, 0, 0], "rotation": 180, "texture": "#0", "tintindex": 0},
				"down": {"uv": [0, 16, 16, 0], "texture": "#0", "tintindex": 0}
			}
		},
		{
			"from": [8.1875, 3.5, -7.25],
			"to": [14.1875, 3.5, -1.25],
			"rotation": {"angle": 0, "axis": "y", "origin": [23.21875, 3.5, 11.28125]},
			"faces": {
				"up": {"uv": [16, 16, 0, 0], "rotation": 180, "texture": "#0", "tintindex": 0},
				"down": {"uv": [0, 16, 16, 0], "texture": "#0", "tintindex": 0}
			}
		},
		{
			"from": [8.1875, 3.5, -13.25],
			"to": [14.1875, 3.5, -7.25],
			"rotation": {"angle": 0, "axis": "y", "origin": [23.21875, 3.5, 11.28125]},
			"faces": {
				"up": {"uv": [16, 16, 0, 0], "rotation": 180, "texture": "#0", "tintindex": 0},
				"down": {"uv": [0, 16, 16, 0], "texture": "#0", "tintindex": 0}
			}
		},
		{
			"from": [8.1875, 3.5, -15.25],
			"to": [14.1875, 3.5, -13.25],
			"rotation": {"angle": 0, "axis": "y", "origin": [23.21875, 3.5, 11.28125]},
			"faces": {
				"up": {"uv": [16, 16, 0, 9], "rotation": 180, "texture": "#0", "tintindex": 0},
				"down": {"uv": [0, 16, 16, 0], "texture": "#0", "tintindex": 0}
			}
		},
		{
			"from": [8.9375, 3, -16],
			"to": [15.9375, 4, -15],
			"rotation": {"angle": 0, "axis": "y", "origin": [23.21875, 3.5, 11.28125]},
			"faces": {
				"north": {"uv": [0.75, 13.75, 5.25, 14.5], "rotation": 180, "texture": "#2"},
				"east": {"uv": [0, 15.125, 0.75, 14.375], "rotation": 90, "texture": "#2"},
				"south": {"uv": [5.25, 13.75, 0.75, 14.5], "rotation": 180, "texture": "#2"},
				"west": {"uv": [0, 15.125, 0.75, 14.375], "rotation": 270, "texture": "#2"},
				"up": {"uv": [5.25, 13.75, 0.75, 14.5], "rotation": 180, "texture": "#2"},
				"down": {"uv": [0.75, 13.75, 5.25, 14.5], "texture": "#2"}
			}
		},
		{
			"from": [7.9375, 3, -16],
			"to": [8.9375, 4, 8],
			"rotation": {"angle": 0, "axis": "y", "origin": [23.21875, 3.5, 11.28125]},
			"faces": {
				"north": {"uv": [0.75, 14.375, 0, 15.125], "texture": "#2"},
				"east": {"uv": [0, 14.5, 0.75, 1.5], "rotation": 90, "texture": "#2"},
				"south": {"uv": [0.75, 14.375, 0, 15.125], "rotation": 180, "texture": "#2"},
				"west": {"uv": [0, 14.5, 0.75, 1.5], "rotation": 270, "texture": "#2"},
				"up": {"uv": [0.75, 1.5, 0, 14.5], "rotation": 180, "texture": "#2"},
				"down": {"uv": [0.75, 1.5, 0, 14.5], "texture": "#2"}
			}
		}
	],
	"gui_light": "front",
	"display": {
		"thirdperson_righthand": {
			"rotation": [55, 0, 0],
			"translation": [0, 1, 1],
			"scale": [0.1, 0.1, 0.1]
		},
		"thirdperson_lefthand": {
			"rotation": [55, 0, 0],
			"translation": [0, 1, 1],
			"scale": [0.1, 0.1, 0.1]
		},
		"firstperson_righthand": {
			"rotation": [0, 45, 0],
			"scale": [0.4, 0.4, 0.4]
		},
		"firstperson_lefthand": {
			"rotation": [0, 225, 0],
			"scale": [0.4, 0.4, 0.4]
		},
		"ground": {
			"translation": [0, 3, 0],
			"scale": [0.25, 0.25, 0.25]
		},
		"gui": {
			"rotation": [35, 130, 0],
			"translation": [-0.25, 0, 0],
			"scale": [0.3, 0.3, 0.3]
		},
		"head": {
			"translation": [-2, 16.5, -2],
			"scale": [4, 4, 4]
		}
	},
	"groups": [
		{
			"name": "group",
			"origin": [8, 8, 8],
			"color": 0,
			"children": [0, 1, 2, 3, 4, 5, 6, 7]
		},
		8,
		9,
		{
			"name": "group",
			"origin": [8, 8, 8],
			"color": 0,
			"children": [10, 11, 12, 13, 14, 15, 16, 17]
		},
		{
			"name": "group",
			"origin": [8, 8, 8],
			"color": 0,
			"children": [18, 19, 20, 21, 22, 23, 24, 25]
		},
		{
			"name": "group",
			"origin": [8, 8, 8],
			"color": 0,
			"children": [26, 27, 28, 29, 30, 31, 32, 33]
		}
	]
}