{
    "elements": [
        {
            "name": "Cube",
            "from": [ 4.0, 4.0, 0.0 ], 
            "to": [ 12.0, 12.0, 4.0 ], 
            "faces": {
                "north": { "texture": "#0", "uv": [ 0.0, 8.0, 8.0, 16.0 ] },
                "east": { "texture": "#0", "uv": [ 8.0, 4.0, 16.0, 8.0 ], "rotation": 270 },
                "south": { "texture": "#0", "uv": [ 0.0, 0.0, 8.0, 8.0 ] },
                "west": { "texture": "#0", "uv": [ 8.0, 4.0, 16.0, 8.0 ], "rotation": 90 },
                "up": { "texture": "#0", "uv": [ 8.0, 4.0, 16.0, 8.0 ], "rotation": 180 },
                "down": { "texture": "#0", "uv": [ 8.0, 4.0, 16.0, 8.0 ] }
            }
        }
    ],
    "display": {
        "head": {
            "scale": [1.6, 1.6, 1.6]
        }
    }
}