{
  "elements": [
    {
      "name": "Cube",
      "from": [ 6.0, 6.0, 6.0 ],
      "to": [ 10.0, 10.0, 10.0 ],
      "faces": {
        "north": { "texture": "#0", "uv": [ 0.0, 0.0, 8.0, 8.0 ] },
        "east": { "texture": "#0", "uv": [ 0.0, 0.0, 8.0, 8.0 ] },
        "south": { "texture": "#0", "uv": [ 0.0, 0.0, 8.0, 8.0 ] },
        "west": { "texture": "#0", "uv": [ 0.0, 0.0, 8.0, 8.0 ] },
        "up": { "texture": "#0", "uv": [ 0.0, 0.0, 8.0, 8.0 ] },
        "down": { "texture": "#0", "uv": [ 0.0, 0.0, 8.0, 8.0 ] }
      }
    }
  ],
  "display": {
    "head": {
      "scale": [1.6, 1.6, 1.6]
    }
  }
}
