{
	"credit": "By Matty Jones for the Craftory Plugin",
	"parent": "block/base/block_real",
	"textures": {
		"0": "craftory:block/powered/foundry/iron_foundry",
		"particle": "craftory:block/powered/foundry/iron_foundry"
	},
	"elements": [
		{
			"from": [0, 0, 0],
			"to": [16, 16, 16],
			"faces": {
				"north": {"uv": [0, 5.333, 5.333, 10.666], "texture": "#0"},
				"east": {"uv": [10.667, 5.334, 16, 10.666], "texture": "#0"},
				"south": {"uv": [10.667, 0, 16, 5.333], "texture": "#0"},
				"west": {"uv": [5.333, 5.333, 10.666, 10.666], "texture": "#0"},
				"up": {"uv": [5.333, 0, 10.667, 5.333], "texture": "#0"},
				"down": {"uv": [0, 0, 5.333, 5.333], "texture": "#0"}
			}
		}
	],
	"display": {
		"thirdperson_righthand": {
			"rotation": [75, 45, 0],
			"translation": [0, 2.5, 0],
			"scale": [0.375, 0.375, 0.375]
		},
		"thirdperson_lefthand": {
			"rotation": [75, 45, 0],
			"translation": [0, 2.5, 0],
			"scale": [0.375, 0.375, 0.375]
		},
		"firstperson_righthand": {
			"rotation": [0, 45, 0],
			"scale": [0.4, 0.4, 0.4]
		},
		"firstperson_lefthand": {
			"rotation": [0, 225, 0],
			"scale": [0.4, 0.4, 0.4]
		},
		"ground": {
			"translation": [0, 3, 0],
			"scale": [0.25, 0.25, 0.25]
		},
		"gui": {
			"rotation": [30, 225, 0],
			"scale": [0.625, 0.625, 0.625]
		},
		"fixed": {
			"scale": [0.5, 0.5, 0.5]
		}
	}
}